epoch,loss,mse,psnr_metric,ssim_metric,val_loss,val_mse,val_psnr_metric,val_ssim_metric
0,2.7114784717559814,0.11065324395895004,9.882046699523926,0.24172161519527435,2.3591697216033936,0.10072121769189835,10.202715873718262,0.1628400683403015
1,2.0641539096832275,0.08299219608306885,11.394942283630371,0.20481784641742706,1.6220892667770386,0.031954359263181686,15.18407154083252,0.3253355324268341
2,1.326100468635559,0.026751430705189705,16.59644317626953,0.4546738266944885,1.0163806676864624,0.01527025643736124,18.540185928344727,0.5355342030525208
3,1.0283126831054688,0.021017391234636307,17.99565315246582,0.5543737411499023,0.8467491269111633,0.013422246091067791,19.29278564453125,0.6228951811790466
4,0.8803983926773071,0.018928183242678642,18.75765609741211,0.6204543113708496,0.7268121242523193,0.011816258542239666,19.8443603515625,0.6653423309326172
5,0.766041100025177,0.01695314049720764,19.485965728759766,0.6721705198287964,0.6529342532157898,0.011573277413845062,19.894479751586914,0.7153119444847107
6,0.697849690914154,0.01628194935619831,19.8978271484375,0.7128624320030212,0.5451980233192444,0.00958473514765501,21.16160011291504,0.7643182873725891
7,0.629376232624054,0.015295729041099548,20.36655044555664,0.746924638748169,0.5093830227851868,0.010111942887306213,20.792509078979492,0.7877566814422607
8,0.5925894379615784,0.015109572559595108,20.678001403808594,0.7707436084747314,0.4700571596622467,0.011147558689117432,20.381080627441406,0.8012857437133789
9,0.5639892816543579,0.014393562451004982,20.88593864440918,0.7845471501350403,0.44811245799064636,0.008253100328147411,21.972787857055664,0.8230342864990234
10,0.548250138759613,0.014667091891169548,21.08332061767578,0.7934473752975464,0.4304625988006592,0.007957584224641323,22.187803268432617,0.832141637802124
11,0.5387528538703918,0.014078552834689617,21.20084571838379,0.8003365397453308,0.4346945583820343,0.007869800552725792,21.992807388305664,0.8260810375213623
12,0.5148262977600098,0.01349136047065258,21.57609748840332,0.807586669921875,0.4244820177555084,0.00802920013666153,22.50236701965332,0.8428069949150085
13,0.5184608697891235,0.014128311537206173,21.424251556396484,0.8072596788406372,0.400103360414505,0.007815122604370117,22.225046157836914,0.8411827683448792
14,0.5112826228141785,0.013476396910846233,21.61277961730957,0.8120496273040771,0.40154728293418884,0.007703550159931183,22.360626220703125,0.845831573009491
15,0.4976784288883209,0.01339990645647049,21.652542114257812,0.8160243630409241,0.39098405838012695,0.007253529969602823,22.99474334716797,0.8497598171234131
16,0.4917885363101959,0.013168073259294033,21.799304962158203,0.8171257376670837,0.3923661410808563,0.006971679162234068,23.024032592773438,0.8532763123512268
17,0.4906514286994934,0.013326450251042843,21.615543365478516,0.8178889155387878,0.40538153052330017,0.007364717777818441,22.852678298950195,0.8527164459228516
18,0.48025768995285034,0.012934316881000996,21.910146713256836,0.8231779932975769,0.37828078866004944,0.007915218360722065,22.617006301879883,0.8557534217834473
19,0.47145041823387146,0.012910811230540276,21.976806640625,0.8231383562088013,0.3761100769042969,0.007859026081860065,22.42038917541504,0.8511198163032532
20,0.4789910912513733,0.01343853771686554,21.62999725341797,0.8197411298751831,0.3881860077381134,0.008269209414720535,22.12994384765625,0.8493511080741882
21,0.47482800483703613,0.013010961934924126,21.66731834411621,0.8203964233398438,0.36405861377716064,0.0073877000249922276,22.738149642944336,0.8538044095039368
22,0.4678618311882019,0.012982586398720741,21.89008140563965,0.8223940134048462,0.3534984886646271,0.007048582658171654,23.287858963012695,0.8569998145103455
23,0.4567798972129822,0.012634471990168095,22.062475204467773,0.8232339024543762,0.3868715465068817,0.007698666304349899,22.925180435180664,0.8511476516723633
24,0.45482897758483887,0.012660431675612926,22.028350830078125,0.8238385319709778,0.3884681165218353,0.0073705255053937435,22.195968627929688,0.8427016139030457
25,0.45005637407302856,0.012399888597428799,22.086135864257812,0.8242858052253723,0.3451322019100189,0.00691962568089366,23.262128829956055,0.8581097722053528
26,0.4551384449005127,0.012454567477107048,22.02069664001465,0.8259757161140442,0.35415783524513245,0.007057047914713621,23.15085792541504,0.8569684028625488
27,0.44144338369369507,0.012460335157811642,22.096302032470703,0.8284142017364502,0.35011187195777893,0.006834135856479406,23.15008544921875,0.8571679592132568
28,0.44448786973953247,0.012515300884842873,22.094064712524414,0.8236112594604492,0.3487148582935333,0.006891524884849787,23.33030128479004,0.8562985062599182
29,0.4338207244873047,0.012363919988274574,22.216020584106445,0.8257220387458801,0.37724748253822327,0.007230930030345917,23.030288696289062,0.8521335124969482
30,0.4328842759132385,0.012400730513036251,22.191862106323242,0.8272535800933838,0.33269354701042175,0.006638938095420599,23.18129539489746,0.858158528804779
31,0.4234796166419983,0.011899987235665321,22.292325973510742,0.8277612924575806,0.3309164345264435,0.006827466189861298,23.30446434020996,0.8616178035736084
32,0.42828601598739624,0.012403609231114388,22.188295364379883,0.8266043663024902,0.34541621804237366,0.007389295846223831,22.94670295715332,0.8585081696510315
33,0.4263148903846741,0.012418481521308422,22.08359146118164,0.8265815377235413,0.3651142120361328,0.007513444870710373,22.81982421875,0.8557133674621582
34,0.41884124279022217,0.011960215866565704,22.274934768676758,0.8282280564308167,0.32392260432243347,0.006946980487555265,23.297605514526367,0.8628289103507996
35,0.4085788130760193,0.011678485199809074,22.39984703063965,0.8306769132614136,0.32699644565582275,0.006552271079272032,23.47206687927246,0.8581359386444092
36,0.41177991032600403,0.011783205904066563,22.365520477294922,0.8307449221611023,0.32943037152290344,0.007260559126734734,22.922929763793945,0.8590938448905945
37,0.40401285886764526,0.011618800461292267,22.47821807861328,0.8321194052696228,0.3218322992324829,0.007244594395160675,22.893798828125,0.8561577796936035
38,0.4102100431919098,0.01162595022469759,22.289752960205078,0.8310294151306152,0.32424482703208923,0.0067174192517995834,23.220033645629883,0.8558657169342041
39,0.4048500657081604,0.01178829651325941,22.358661651611328,0.8318935632705688,0.3223884403705597,0.006470436695963144,23.51763916015625,0.8590781092643738
40,0.3958751857280731,0.011453312821686268,22.485193252563477,0.8320385813713074,0.327249675989151,0.0065444051288068295,23.436691284179688,0.8619909882545471
41,0.39611852169036865,0.011676333844661713,22.356353759765625,0.8319917321205139,0.3117554485797882,0.007087884936481714,23.149789810180664,0.8590121865272522
42,0.40227338671684265,0.011942961253225803,22.357622146606445,0.8322803378105164,0.33308491110801697,0.006524270866066217,23.399595260620117,0.8616424202919006
43,0.39980825781822205,0.011547558009624481,22.43101692199707,0.8315926790237427,0.3217337429523468,0.0071547795087099075,22.90410614013672,0.8522116541862488
44,0.39222678542137146,0.011381599120795727,22.42483139038086,0.8313431739807129,0.32081887125968933,0.007258692290633917,22.623292922973633,0.8573737144470215
45,0.38930216431617737,0.011439325287938118,22.537643432617188,0.8325610160827637,0.314404159784317,0.006462614983320236,23.4779109954834,0.8569054007530212
46,0.3814590871334076,0.011294684372842312,22.586650848388672,0.8334406614303589,0.3405405282974243,0.0076151215471327305,22.84214973449707,0.8557219505310059
47,0.3898310661315918,0.011524315923452377,22.62787437438965,0.8332154154777527,0.30884718894958496,0.0067006852477788925,23.422807693481445,0.8621723651885986
48,0.37679150700569153,0.010994995944201946,22.663427352905273,0.8347304463386536,0.3192580044269562,0.007826240733265877,22.338829040527344,0.8531175255775452
49,0.3876999616622925,0.011351537890732288,22.498991012573242,0.8322612047195435,0.3122546374797821,0.006698247045278549,23.37981605529785,0.8637239933013916
50,0.38440343737602234,0.011418754234910011,22.461563110351562,0.8316097855567932,0.36294791102409363,0.00690869428217411,23.13783836364746,0.8563191294670105
51,0.388292521238327,0.011163347400724888,22.591833114624023,0.8334175944328308,0.32758742570877075,0.0069848340936005116,23.297948837280273,0.8550258278846741
52,0.37903720140457153,0.011308427900075912,22.48405647277832,0.8326190710067749,0.30746808648109436,0.006532080937176943,23.515108108520508,0.8582963347434998
53,0.37579867243766785,0.011040721088647842,22.603302001953125,0.834270179271698,0.32100710272789,0.00667305663228035,23.35368537902832,0.8510544300079346
54,0.3797893822193146,0.01117117702960968,22.524106979370117,0.8322534561157227,0.30626916885375977,0.00612054904922843,23.64592170715332,0.8643060326576233
55,0.36526477336883545,0.010973171330988407,22.846010208129883,0.8352546691894531,0.32653379440307617,0.006524966564029455,23.13102149963379,0.8540945649147034
56,0.37359705567359924,0.010953322052955627,22.704509735107422,0.8342720866203308,0.3009386956691742,0.006715867668390274,23.521352767944336,0.8593776822090149
57,0.3718882203102112,0.011075231246650219,22.693967819213867,0.8355625867843628,0.3175009489059448,0.006943094078451395,23.322603225708008,0.8588843941688538
58,0.3670044243335724,0.01109289564192295,22.567934036254883,0.8349712491035461,0.3259289264678955,0.006597048137336969,23.320661544799805,0.8555161356925964
59,0.3632623851299286,0.010790277272462845,22.83804702758789,0.8364566564559937,0.3015526235103607,0.006479562725871801,23.517576217651367,0.8618669509887695
60,0.36410364508628845,0.011016607284545898,22.719057083129883,0.8359524607658386,0.31103190779685974,0.006953686010092497,23.1339168548584,0.8577041029930115
61,0.358578085899353,0.01070448663085699,22.821889877319336,0.8356754183769226,0.31840822100639343,0.007612751796841621,22.7302303314209,0.8531014323234558
62,0.3664909899234772,0.010849143378436565,22.803544998168945,0.8365212678909302,0.3036494255065918,0.006432866211980581,23.591737747192383,0.8634207844734192
63,0.3561374843120575,0.010848534293472767,22.80064582824707,0.8363387584686279,0.31177157163619995,0.006506247445940971,23.49286460876465,0.861863374710083
64,0.35438358783721924,0.010868409648537636,22.82464027404785,0.8367326855659485,0.31089216470718384,0.006824825424700975,23.01716423034668,0.858102560043335
65,0.3532795310020447,0.010782335884869099,22.80898094177246,0.8378599882125854,0.3152804374694824,0.0064239539206027985,23.40632438659668,0.8569555282592773
66,0.3561096489429474,0.01076225470751524,22.822031021118164,0.8360133767127991,0.324607253074646,0.007188641000539064,22.81058692932129,0.8437724709510803
67,0.3669871985912323,0.01113984640687704,22.64706802368164,0.8326409459114075,0.3036500811576843,0.006525477860122919,23.35972785949707,0.859569251537323
68,0.35476499795913696,0.010835443623363972,22.72453498840332,0.83620285987854,0.3127268850803375,0.0067621502093970776,23.426427841186523,0.8560702800750732
69,0.34745413064956665,0.010926850140094757,22.72145652770996,0.8350421190261841,0.3081669509410858,0.006374996155500412,23.44805145263672,0.8569281697273254
70,0.3479703366756439,0.010574561543762684,22.912797927856445,0.837104856967926,0.313411682844162,0.006406527012586594,23.48564338684082,0.8568041920661926
71,0.35342609882354736,0.010768446139991283,22.774938583374023,0.8365468382835388,0.3163551688194275,0.007375342305749655,22.712949752807617,0.8498684763908386
72,0.36010539531707764,0.011047057807445526,22.689611434936523,0.8340080976486206,0.31379643082618713,0.006204551551491022,23.39375877380371,0.8576696515083313
73,0.35276147723197937,0.01097887009382248,22.73336410522461,0.8354755640029907,0.31834763288497925,0.006098101381212473,23.6059627532959,0.8585503697395325
74,0.3408215641975403,0.010387289337813854,22.92427635192871,0.838092029094696,0.3045591711997986,0.007121870759874582,23.134183883666992,0.857325553894043
75,0.33980441093444824,0.010568727739155293,22.893423080444336,0.8376758694648743,0.3025113046169281,0.0072598629631102085,23.141084671020508,0.858293354511261
76,0.3390983045101166,0.010585681535303593,22.911645889282227,0.836698055267334,0.2993476688861847,0.006791593041270971,23.414329528808594,0.8548707365989685
77,0.34555068612098694,0.010877180844545364,22.85175132751465,0.8371545076370239,0.3152411878108978,0.0072760432958602905,22.928068161010742,0.8559070229530334
78,0.3398137092590332,0.010551009327173233,22.8236083984375,0.8380044102668762,0.3035885989665985,0.006421763449907303,23.712602615356445,0.8585138320922852
79,0.33799636363983154,0.010533601976931095,22.870159149169922,0.8375819325447083,0.3080556392669678,0.006765877362340689,23.342145919799805,0.8531902432441711
80,0.3398342430591583,0.010735373012721539,22.813812255859375,0.836266040802002,0.31660735607147217,0.00637628510594368,23.442277908325195,0.8505273461341858
81,0.3362276554107666,0.010490059852600098,22.90874481201172,0.8370774984359741,0.3119094669818878,0.006406059022992849,23.509889602661133,0.8578274250030518
82,0.32988277077674866,0.010160641744732857,23.06708335876465,0.8388772010803223,0.29045215249061584,0.0068246531300246716,23.5289363861084,0.8584319949150085
83,0.3349073827266693,0.010314670391380787,22.96550750732422,0.8378736972808838,0.3120702803134918,0.007171329576522112,23.043167114257812,0.8531014323234558
84,0.32970938086509705,0.01042898464947939,22.974430084228516,0.8380293250083923,0.3024546802043915,0.006685534026473761,23.196897506713867,0.8514443039894104
85,0.33170321583747864,0.010529709979891777,22.83863639831543,0.8370046615600586,0.28778764605522156,0.006205597426742315,23.65535545349121,0.8584568500518799
86,0.3250108063220978,0.010213412344455719,23.020584106445312,0.8394202589988708,0.30196189880371094,0.006719549652189016,23.07648468017578,0.8531274795532227
87,0.33524683117866516,0.010804368183016777,22.765958786010742,0.836840808391571,0.3011484444141388,0.006490111351013184,23.5506649017334,0.8572275042533875
88,0.32927635312080383,0.010358117520809174,23.013427734375,0.8385952711105347,0.29644569754600525,0.006382604595273733,23.508230209350586,0.858756959438324
89,0.3281022310256958,0.010295093059539795,22.893665313720703,0.8366918563842773,0.2922128140926361,0.007164146285504103,22.940889358520508,0.8549911379814148
90,0.3314513862133026,0.010295839980244637,23.004396438598633,0.837010383605957,0.30119574069976807,0.006884834263473749,23.325973510742188,0.853654146194458
91,0.32774728536605835,0.01055364590138197,22.971294403076172,0.8379103541374207,0.3004581332206726,0.006360489875078201,23.56424903869629,0.8548989295959473
92,0.32265838980674744,0.010421046987175941,23.017959594726562,0.8390076160430908,0.31015482544898987,0.007002609316259623,22.9278507232666,0.8512976169586182
93,0.32532602548599243,0.010237205773591995,22.964723587036133,0.839414656162262,0.3140668570995331,0.006632068660110235,23.241525650024414,0.8509376645088196
94,0.3253481388092041,0.01002675760537386,22.787395477294922,0.8379499316215515,0.29699578881263733,0.006546664983034134,23.331146240234375,0.8564338088035583
95,0.3252178728580475,0.010420343838632107,22.87208366394043,0.8375850915908813,0.2989628314971924,0.007329962681978941,22.87778663635254,0.8548468947410583
96,0.33274248242378235,0.01029928307980299,22.901887893676758,0.8389001488685608,0.2932518422603607,0.006819621194154024,23.43414306640625,0.8538338541984558
97,0.32183974981307983,0.010342315770685673,22.9915771484375,0.839455783367157,0.2899569272994995,0.006459705997258425,23.493745803833008,0.8598383069038391
98,0.3290442228317261,0.010278230533003807,22.94289779663086,0.8377507328987122,0.2867635190486908,0.006676394958049059,23.47633934020996,0.8589981198310852
99,0.31303781270980835,0.010124847292900085,23.097591400146484,0.839745044708252,0.3119610846042633,0.0066392868757247925,23.333389282226562,0.8495133519172668
100,0.3218584358692169,0.010426981374621391,22.970035552978516,0.837498664855957,0.29693543910980225,0.006526363547891378,23.343475341796875,0.8568697571754456
101,0.32689347863197327,0.010653497651219368,22.85360336303711,0.8375431895256042,0.30334797501564026,0.0070707909762859344,23.16291046142578,0.8498486876487732
102,0.3249717354774475,0.010424669831991196,22.97480583190918,0.8373147249221802,0.2946490943431854,0.006620605010539293,23.487489700317383,0.8556070327758789
103,0.31185048818588257,0.010057227686047554,23.039447784423828,0.8401345014572144,0.3127361536026001,0.007857628166675568,22.213777542114258,0.8440932631492615
104,0.3141346275806427,0.010178298689424992,22.927907943725586,0.8387916684150696,0.2934912145137787,0.006622210144996643,23.37251853942871,0.856072723865509
105,0.31000444293022156,0.009985771030187607,23.065471649169922,0.8408953547477722,0.28990069031715393,0.006604740861803293,23.569860458374023,0.8581743240356445
106,0.3102589249610901,0.010090472176671028,23.108261108398438,0.8384130001068115,0.29369786381721497,0.0064874556846916676,23.523557662963867,0.858661949634552
107,0.30961525440216064,0.010154303163290024,23.085275650024414,0.8401272892951965,0.30063071846961975,0.006759069859981537,23.4287166595459,0.853924572467804
108,0.31164097785949707,0.010137622244656086,23.087501525878906,0.8383195400238037,0.313232421875,0.006671862676739693,23.224363327026367,0.8487326502799988
109,0.31013351678848267,0.010205832310020924,23.14882469177246,0.8396896719932556,0.3214453458786011,0.007337622344493866,22.577421188354492,0.8442113399505615
110,0.3078262507915497,0.010044694878160954,23.068357467651367,0.8389476537704468,0.29889509081840515,0.006816335022449493,23.090286254882812,0.847126305103302
111,0.30676332116127014,0.01012371014803648,22.99905014038086,0.8382207155227661,0.29695114493370056,0.007588336244225502,22.615121841430664,0.84549880027771
112,0.3291260600090027,0.010286657139658928,22.925159454345703,0.8351238965988159,0.2927798926830292,0.0063829501159489155,23.579988479614258,0.8548452854156494
113,0.3106342852115631,0.010244175791740417,22.99086570739746,0.838283121585846,0.29835379123687744,0.00645904615521431,23.356103897094727,0.8565818667411804
114,0.30394646525382996,0.009845354594290257,23.116069793701172,0.8397113680839539,0.3001045286655426,0.007205755915492773,22.916040420532227,0.85347980260849
115,0.30695033073425293,0.010153303854167461,23.138837814331055,0.8383088111877441,0.2969401180744171,0.006533624604344368,23.423051834106445,0.8553566932678223
116,0.308415949344635,0.009973096661269665,23.09178924560547,0.8389211893081665,0.3087296783924103,0.006767271086573601,23.184326171875,0.8498146533966064
117,0.30226168036460876,0.009881061501801014,23.163942337036133,0.8399726748466492,0.288628488779068,0.006826950237154961,23.296152114868164,0.8546541333198547
118,0.3051903545856476,0.010024899616837502,23.08797836303711,0.8396603465080261,0.29651737213134766,0.0062661729753017426,23.4349308013916,0.8554962277412415
119,0.2993275225162506,0.009724573232233524,23.222625732421875,0.8411909937858582,0.29936766624450684,0.006794445216655731,23.44582176208496,0.8489289879798889
120,0.3029848635196686,0.010032961145043373,23.037662506103516,0.837788999080658,0.28452572226524353,0.006348466034978628,23.72392463684082,0.8553368449211121
121,0.2999618351459503,0.009974849410355091,23.184444427490234,0.838549792766571,0.31898438930511475,0.006745270919054747,23.318572998046875,0.8507523536682129
122,0.3073115050792694,0.009977041743695736,23.047542572021484,0.8383267521858215,0.29755011200904846,0.006609393749386072,23.406082153320312,0.8552026152610779
123,0.30496543645858765,0.009935037232935429,23.120561599731445,0.838171124458313,0.29722365736961365,0.006063587963581085,23.671430587768555,0.8561704754829407
124,0.3001052141189575,0.010117878206074238,23.020584106445312,0.8378739356994629,0.3158375918865204,0.006569951307028532,23.495920181274414,0.8534672856330872
125,0.3019515573978424,0.010236193425953388,23.138490676879883,0.838444709777832,0.29518306255340576,0.0066360607743263245,23.45514678955078,0.8517338633537292
126,0.3020719885826111,0.010107079520821571,23.062501907348633,0.8371484279632568,0.29587259888648987,0.006801902782171965,23.390892028808594,0.8561530709266663
127,0.2941572666168213,0.009802269749343395,23.17458152770996,0.8394539952278137,0.28851088881492615,0.0069618322886526585,23.056062698364258,0.85484379529953
128,0.29182034730911255,0.009741001762449741,23.170839309692383,0.8393574953079224,0.3069510757923126,0.00769433518871665,22.4107723236084,0.8490455746650696
129,0.3050001561641693,0.009808577597141266,23.119482040405273,0.8374608159065247,0.30046001076698303,0.006517107132822275,23.4766902923584,0.8533649444580078
130,0.2939348816871643,0.009990057907998562,23.136438369750977,0.8379966020584106,0.3140936493873596,0.0065446216613054276,23.048187255859375,0.8452571034431458
131,0.2973100244998932,0.009860290214419365,23.166561126708984,0.8379496932029724,0.29908955097198486,0.00675967475399375,23.218780517578125,0.8554673194885254
132,0.3010327219963074,0.009950920008122921,23.17236328125,0.8374899625778198,0.2874469459056854,0.006630519405007362,23.3632755279541,0.854423999786377
133,0.2865607738494873,0.009797503240406513,23.224838256835938,0.8395392298698425,0.2890518009662628,0.006314652040600777,23.7187442779541,0.8542552590370178
134,0.2914923131465912,0.009746117517352104,23.205446243286133,0.8384774923324585,0.29388514161109924,0.006293857470154762,23.557329177856445,0.8485282063484192
135,0.29167863726615906,0.010125446133315563,23.127307891845703,0.8379486203193665,0.31257811188697815,0.00632157176733017,23.478200912475586,0.8485217094421387
136,0.29389646649360657,0.009938507340848446,23.128339767456055,0.8364178538322449,0.30415961146354675,0.006795921828597784,23.194137573242188,0.8557903170585632
137,0.2915234863758087,0.009892324917018414,23.158849716186523,0.8374651074409485,0.29252341389656067,0.006177334580570459,23.58152961730957,0.8579203486442566
138,0.28641268610954285,0.009673692286014557,23.21337127685547,0.8390741944313049,0.298080712556839,0.006849317345768213,23.234453201293945,0.8570145964622498
139,0.28554418683052063,0.009859581477940083,23.265403747558594,0.8388696908950806,0.3230181932449341,0.007114051375538111,23.00391960144043,0.8412620425224304
140,0.29395556449890137,0.00987890176475048,23.073453903198242,0.836850643157959,0.2996242642402649,0.0066603138111531734,23.35309410095215,0.8481361865997314
141,0.28449833393096924,0.009707583114504814,23.222660064697266,0.8394092321395874,0.30312618613243103,0.006553661543875933,23.241615295410156,0.8506739735603333
142,0.2925572693347931,0.009768323972821236,23.186044692993164,0.8371851444244385,0.3016313314437866,0.0063052051700651646,23.509132385253906,0.8524370789527893
143,0.29280439019203186,0.010090308263897896,23.130023956298828,0.8373135924339294,0.30543452501296997,0.006735304370522499,23.264001846313477,0.8516477942466736
144,0.2835789620876312,0.009764090180397034,23.216537475585938,0.8375940322875977,0.2924487888813019,0.006300454493612051,23.540048599243164,0.8534147143363953
145,0.2779236137866974,0.009581195190548897,23.193580627441406,0.8387113809585571,0.2929060161113739,0.006333441007882357,23.569421768188477,0.8546517491340637
146,0.28718218207359314,0.009880896657705307,23.15786361694336,0.8383297920227051,0.2972526550292969,0.006547841709107161,23.472036361694336,0.8564023971557617
147,0.27980151772499084,0.009725403040647507,23.226085662841797,0.8383808732032776,0.29206839203834534,0.006255315616726875,23.560644149780273,0.8535852432250977
148,0.2891286015510559,0.009844641201198101,23.140111923217773,0.8369795680046082,0.31231293082237244,0.007014691364020109,23.05739402770996,0.8478086590766907
149,0.2810046076774597,0.00977728795260191,23.186641693115234,0.8371411561965942,0.2992953062057495,0.006791564170271158,23.12627410888672,0.8522205948829651
150,0.27771371603012085,0.009506198577582836,23.220190048217773,0.8381401896476746,0.29558613896369934,0.006580736953765154,23.241945266723633,0.8488793969154358
151,0.2723068594932556,0.0098457932472229,23.24324607849121,0.8385520577430725,0.31383970379829407,0.007048361003398895,22.946638107299805,0.8417658805847168
152,0.27876076102256775,0.009635969065129757,23.127208709716797,0.836999773979187,0.296576589345932,0.006610877811908722,23.40407371520996,0.8522946238517761
153,0.2811339199542999,0.009663471952080727,23.180156707763672,0.836859405040741,0.29054534435272217,0.00620627636089921,23.615495681762695,0.8516435623168945
154,0.27481552958488464,0.009751991368830204,23.23024559020996,0.838249683380127,0.2987021505832672,0.006654549390077591,23.180307388305664,0.8522223830223083
155,0.2811973989009857,0.009705610573291779,23.109821319580078,0.8366724848747253,0.2953219413757324,0.006916966754943132,22.947614669799805,0.8485015034675598
156,0.2690628468990326,0.009377919137477875,23.275720596313477,0.8382905125617981,0.28714045882225037,0.006438178475946188,23.62510108947754,0.8521213531494141
157,0.27404263615608215,0.009581291116774082,23.294803619384766,0.8366237282752991,0.2913946509361267,0.006531975697726011,23.440210342407227,0.8516525626182556
158,0.2761145830154419,0.009729777462780476,23.249326705932617,0.8380059003829956,0.29502204060554504,0.006348359864205122,23.544830322265625,0.8535792231559753
159,0.27035465836524963,0.009511684067547321,23.241308212280273,0.8383029103279114,0.2981691062450409,0.006440810393542051,23.48856544494629,0.8512341976165771
160,0.268777459859848,0.009515215642750263,23.27544593811035,0.8380656242370605,0.2927369773387909,0.006527995225042105,23.407094955444336,0.8512018322944641
161,0.2661048471927643,0.00924510695040226,23.33628273010254,0.8380414247512817,0.2976062297821045,0.0062255957163870335,23.57673454284668,0.8457211852073669
162,0.28077980875968933,0.0098381033167243,23.206111907958984,0.8324844241142273,0.3041483759880066,0.00668356055393815,23.194717407226562,0.8467407822608948
163,0.2673695385456085,0.00950586423277855,23.268901824951172,0.8374938368797302,0.2991865277290344,0.0066163744777441025,23.258726119995117,0.8538163304328918
164,0.2674436867237091,0.009488659910857677,23.311464309692383,0.8376908898353577,0.30321821570396423,0.006857144180685282,23.0711669921875,0.8491451740264893
165,0.2703581750392914,0.009621264412999153,23.302387237548828,0.836030125617981,0.30134889483451843,0.006322480272501707,23.323789596557617,0.8508685231208801
166,0.27040907740592957,0.009678663685917854,23.251501083374023,0.8359271883964539,0.3045208156108856,0.006367895752191544,23.395551681518555,0.8510132431983948
167,0.2746856212615967,0.009449233300983906,23.194894790649414,0.8362641930580139,0.2936231195926666,0.006449615582823753,23.616270065307617,0.8503430485725403
168,0.26720622181892395,0.009655308909714222,23.28827476501465,0.8365811109542847,0.29759347438812256,0.00634993240237236,23.52171516418457,0.8491132259368896
169,0.2693658769130707,0.00952606275677681,23.30406379699707,0.8354319930076599,0.2951658070087433,0.006281321402639151,23.63356590270996,0.8486166000366211
170,0.2815731465816498,0.010054280050098896,23.15144157409668,0.833834171295166,0.3257144093513489,0.006916293408721685,22.85738182067871,0.8405242562294006
171,0.26883989572525024,0.009377427399158478,23.31446647644043,0.8355984091758728,0.2954484224319458,0.006502225529402494,23.2738037109375,0.8449695110321045
172,0.2658658027648926,0.009473420679569244,23.32550811767578,0.8358113169670105,0.29725557565689087,0.0069874003529548645,23.033483505249023,0.846583366394043
173,0.2800355851650238,0.00994864385575056,23.18630027770996,0.8338322639465332,0.2992653250694275,0.006260080728679895,23.429750442504883,0.8511285781860352
174,0.2711741328239441,0.009858044795691967,23.17578125,0.834572970867157,0.2931317389011383,0.00656967842951417,23.24785614013672,0.8500229716300964
175,0.26110437512397766,0.009339012205600739,23.335952758789062,0.8371763229370117,0.2995266020298004,0.00668822368606925,23.34480094909668,0.8485882878303528
176,0.25413239002227783,0.009270130656659603,23.406347274780273,0.8374578356742859,0.28898927569389343,0.006542133633047342,23.469125747680664,0.8501334190368652
177,0.2557922303676605,0.00926903821527958,23.37600326538086,0.8381794691085815,0.28202974796295166,0.0065505909733474255,23.509675979614258,0.8529236316680908
178,0.25544190406799316,0.009289965033531189,23.371501922607422,0.8378084301948547,0.3130190670490265,0.006397270131856203,23.44734764099121,0.8394489884376526
179,0.2595656216144562,0.009344043210148811,23.349706649780273,0.8372840285301208,0.31070318818092346,0.006592191755771637,23.294275283813477,0.8428065180778503
180,0.2602514624595642,0.009304662235081196,23.284826278686523,0.836751401424408,0.29698270559310913,0.006487926468253136,23.36175537109375,0.8484890460968018
181,0.2644997835159302,0.00948125496506691,23.245452880859375,0.8347038626670837,0.2983360290527344,0.006441801320761442,23.4776554107666,0.8477151989936829
182,0.2583390772342682,0.009566720575094223,23.28437614440918,0.8363224864006042,0.29700562357902527,0.00657637370750308,23.310972213745117,0.8477831482887268
183,0.25877541303634644,0.00947592407464981,23.35993003845215,0.8345600962638855,0.31523504853248596,0.006681577768176794,23.248807907104492,0.8428487777709961
184,0.25952884554862976,0.00945597980171442,23.281002044677734,0.8356587886810303,0.3048429787158966,0.006359476130455732,23.364534378051758,0.8469098210334778
185,0.26087310910224915,0.009455442428588867,23.322189331054688,0.8343290686607361,0.29298028349876404,0.006799816619604826,23.216325759887695,0.8486940264701843
186,0.2577572464942932,0.009316529147326946,23.308008193969727,0.8356810808181763,0.2905031144618988,0.0063876197673380375,23.59086036682129,0.8496286273002625
187,0.25592467188835144,0.009508506394922733,23.32354164123535,0.8351651430130005,0.29937055706977844,0.006638821214437485,23.411575317382812,0.8465948700904846
188,0.25491300225257874,0.009349064901471138,23.31740379333496,0.8366568088531494,0.29690980911254883,0.006805578246712685,23.22968864440918,0.8436314463615417
189,0.2524404227733612,0.009486953727900982,23.32703971862793,0.8348265886306763,0.293185293674469,0.006335803773254156,23.460641860961914,0.845367431640625
190,0.25400641560554504,0.009387915022671223,23.271804809570312,0.8358618021011353,0.28989481925964355,0.006398431491106749,23.54014778137207,0.8506137728691101
191,0.2514006197452545,0.0093774925917387,23.34010124206543,0.8355196714401245,0.3005949854850769,0.006568033713847399,23.20001220703125,0.8477339744567871
192,0.25520986318588257,0.009334871545433998,23.368261337280273,0.834985613822937,0.29127031564712524,0.0068671684712171555,23.091636657714844,0.8468060493469238
193,0.25108104944229126,0.009250978007912636,23.409709930419922,0.8368541598320007,0.30043068528175354,0.006507792044430971,23.413049697875977,0.8499216437339783
194,0.25899049639701843,0.009409910999238491,23.326757431030273,0.8346523642539978,0.2982546389102936,0.006289798766374588,23.44474983215332,0.8478025794029236
195,0.2505773901939392,0.0094362273812294,23.374080657958984,0.8343629837036133,0.3017772138118744,0.007023830432444811,22.847999572753906,0.843224823474884
196,0.24897338449954987,0.009259941056370735,23.441659927368164,0.8359590768814087,0.2967195212841034,0.006531583145260811,23.287681579589844,0.8429520726203918
197,0.24367830157279968,0.009153812192380428,23.429019927978516,0.836540937423706,0.29178786277770996,0.0062360805459320545,23.56130027770996,0.8448212742805481
198,0.251257061958313,0.009325800463557243,23.336299896240234,0.834570586681366,0.29413720965385437,0.006579740438610315,23.395326614379883,0.8477436900138855
199,0.2470693588256836,0.009321210905909538,23.356842041015625,0.8350679874420166,0.2886863946914673,0.006673496216535568,23.264793395996094,0.8426530361175537
200,0.2500050365924835,0.009337764233350754,23.32297134399414,0.8346779942512512,0.29140225052833557,0.006485495716333389,23.475156784057617,0.8495391011238098
201,0.24646948277950287,0.009369809180498123,23.392934799194336,0.8360342979431152,0.30147042870521545,0.0064701903611421585,23.339536666870117,0.8471323847770691
202,0.2435978800058365,0.00928534846752882,23.412532806396484,0.8349629044532776,0.2933978736400604,0.0068334960378706455,23.16295623779297,0.8455564379692078
203,0.24536742269992828,0.009305216372013092,23.415468215942383,0.834872841835022,0.29933667182922363,0.006823565810918808,23.082544326782227,0.846768319606781
204,0.2444814145565033,0.00915432721376419,23.37337303161621,0.834773600101471,0.3189638555049896,0.006561117246747017,23.227096557617188,0.8395422101020813
205,0.24846643209457397,0.00929200928658247,23.403640747070312,0.8348780274391174,0.30806609988212585,0.006596250459551811,23.150724411010742,0.8386523127555847
206,0.2471594512462616,0.009323514066636562,23.346338272094727,0.8343917727470398,0.30668044090270996,0.0065715438686311245,23.377222061157227,0.8411495685577393
207,0.25040894746780396,0.009355966001749039,23.379785537719727,0.8336834907531738,0.3074846565723419,0.006226158235222101,23.537796020507812,0.845182478427887
208,0.24487626552581787,0.009363888762891293,23.36855697631836,0.8342905640602112,0.318121999502182,0.0069550215266644955,22.993133544921875,0.8412969708442688
209,0.24768707156181335,0.009300816804170609,23.403684616088867,0.8340207934379578,0.3260200321674347,0.006316244136542082,23.418121337890625,0.835496187210083
210,0.26079222559928894,0.009194504469633102,23.310644149780273,0.8345399498939514,0.292806476354599,0.006314815487712622,23.6640567779541,0.8503804802894592
211,0.2520522475242615,0.00933926086872816,23.403440475463867,0.8333326578140259,0.29626134037971497,0.0061876606196165085,23.585067749023438,0.846391499042511
212,0.24377776682376862,0.009267098270356655,23.40037727355957,0.8347029089927673,0.30216285586357117,0.006936611607670784,23.004295349121094,0.8401041626930237
213,0.24690565466880798,0.009290842339396477,23.410552978515625,0.8341821432113647,0.3126216530799866,0.006491151172667742,23.309614181518555,0.8382110595703125
214,0.24305488169193268,0.00917517114430666,23.378215789794922,0.834750771522522,0.301912784576416,0.006543125957250595,23.4326114654541,0.8456969261169434
215,0.24102991819381714,0.009164789691567421,23.464046478271484,0.8355726003646851,0.29197099804878235,0.006714364979416132,23.253753662109375,0.843633234500885
216,0.237336665391922,0.009257949888706207,23.363128662109375,0.8342674374580383,0.2958153486251831,0.0062980446964502335,23.537565231323242,0.8478498458862305
217,0.23666685819625854,0.009202448651194572,23.444766998291016,0.8353655338287354,0.30483278632164,0.007219079881906509,22.806991577148438,0.8389261364936829
218,0.2406459003686905,0.009170575067400932,23.410221099853516,0.833820104598999,0.30318519473075867,0.0064340862445533276,23.336069107055664,0.8435912132263184
219,0.2433653026819229,0.009173004887998104,23.398027420043945,0.8334523439407349,0.2956240475177765,0.006489178631454706,23.528322219848633,0.8460182547569275
220,0.24414962530136108,0.009331786073744297,23.34143829345703,0.8349111080169678,0.29491302371025085,0.006395419593900442,23.492996215820312,0.8472439646720886
221,0.2385743111371994,0.009203174151480198,23.434606552124023,0.8342360854148865,0.30394938588142395,0.006863028276711702,22.982559204101562,0.8398930430412292
222,0.24137333035469055,0.009170396253466606,23.402603149414062,0.8342277407646179,0.29352429509162903,0.006452868226915598,23.541038513183594,0.8455188274383545
223,0.23771920800209045,0.009217553772032261,23.426025390625,0.8335554599761963,0.31602534651756287,0.007057613227516413,22.853139877319336,0.8363263010978699
224,0.2446340024471283,0.009344939142465591,23.392955780029297,0.8332566022872925,0.2999262809753418,0.006612272467464209,23.145254135131836,0.8420815467834473
225,0.2547933757305145,0.009295676834881306,23.36201286315918,0.8299353718757629,0.3029518723487854,0.00659463694319129,23.31590461730957,0.845240592956543
226,0.23975062370300293,0.00920491199940443,23.39657211303711,0.8342922329902649,0.3035477101802826,0.0067340596579015255,23.20507049560547,0.8403475880622864
227,0.23718349635601044,0.009178313426673412,23.437042236328125,0.8340070247650146,0.3167032301425934,0.0067383176647126675,23.158376693725586,0.837193489074707
228,0.23961614072322845,0.009094822220504284,23.392465591430664,0.8339275121688843,0.29540690779685974,0.006425442639738321,23.48374366760254,0.84560626745224
229,0.23572342097759247,0.009076728485524654,23.486164093017578,0.8354582190513611,0.3104534447193146,0.006549617741256952,23.389142990112305,0.8416488766670227
230,0.23681369423866272,0.0092178238555789,23.42759895324707,0.8330668210983276,0.30837753415107727,0.006415605545043945,23.40407371520996,0.8414607048034668
231,0.23691080510616302,0.009217780083417892,23.372766494750977,0.8332175612449646,0.31033241748809814,0.007125155534595251,22.838003158569336,0.8387374877929688
232,0.23616603016853333,0.008999638259410858,23.362600326538086,0.8320707678794861,0.297252893447876,0.0063321031630039215,23.648969650268555,0.8439409136772156
233,0.235592782497406,0.009313059970736504,23.425146102905273,0.8330544233322144,0.29762139916419983,0.006369786337018013,23.513757705688477,0.8425750732421875
234,0.23023761808872223,0.009026710875332355,23.497339248657227,0.8346734642982483,0.29086530208587646,0.006341074127703905,23.453493118286133,0.8455435633659363
235,0.23354263603687286,0.009078023955225945,23.462488174438477,0.8329317569732666,0.3036603033542633,0.006314598023891449,23.426084518432617,0.8409362435340881
236,0.2267858237028122,0.009093498811125755,23.501550674438477,0.834786593914032,0.311355859041214,0.006530821323394775,23.397558212280273,0.8378273844718933
237,0.23817680776119232,0.009329026564955711,23.36951446533203,0.8321417570114136,0.3271668553352356,0.0074889808893203735,22.55726432800293,0.8308306336402893
238,0.247233584523201,0.009305196814239025,23.385478973388672,0.8306697607040405,0.29868248105049133,0.006412922870367765,23.406728744506836,0.8410175442695618
239,0.2347390502691269,0.009167245589196682,23.416584014892578,0.832349956035614,0.3016853332519531,0.006400588899850845,23.5230712890625,0.8449826240539551
240,0.23964878916740417,0.009163985028862953,23.43244743347168,0.8326696157455444,0.2952934205532074,0.006400956306606531,23.542617797851562,0.8415510058403015
241,0.22945237159729004,0.009026432409882545,23.49604606628418,0.8327415585517883,0.3082100450992584,0.007028808351606131,22.943918228149414,0.836341381072998
242,0.2293376922607422,0.0089483130723238,23.511655807495117,0.833796501159668,0.3093876540660858,0.006571618840098381,23.354158401489258,0.840522050857544
243,0.23459312319755554,0.009407797828316689,23.33487892150879,0.831775963306427,0.2955101430416107,0.0065987505950033665,23.230100631713867,0.8453865647315979
244,0.2565268278121948,0.009424248710274696,23.3564453125,0.8299240469932556,0.30755820870399475,0.006324154790490866,23.279943466186523,0.8407702445983887
245,0.23022599518299103,0.009125210344791412,23.44476890563965,0.833124041557312,0.29797834157943726,0.00660555437207222,23.333669662475586,0.8446464538574219
246,0.2315000742673874,0.00898938998579979,23.51036262512207,0.832811176776886,0.29648199677467346,0.00630924804136157,23.531776428222656,0.8405413627624512
247,0.22833485901355743,0.00916398037225008,23.420211791992188,0.8324673771858215,0.29669663310050964,0.006394397933036089,23.46637725830078,0.8443761467933655
248,0.22638703882694244,0.009072662331163883,23.48436737060547,0.8329317569732666,0.3027188777923584,0.006385980173945427,23.49605369567871,0.8382024168968201
249,0.22462087869644165,0.009022178128361702,23.485748291015625,0.8332782983779907,0.30239662528038025,0.006367601454257965,23.381210327148438,0.8451312184333801
250,0.23574696481227875,0.009236551821231842,23.417022705078125,0.8309839963912964,0.3063899576663971,0.006153880152851343,23.4376220703125,0.8368242383003235
251,0.24066899716854095,0.009164310060441494,23.419307708740234,0.8312209248542786,0.3062814176082611,0.006789537612348795,23.06610107421875,0.8389336466789246
252,0.22953221201896667,0.009028255008161068,23.504398345947266,0.832043468952179,0.3037162125110626,0.006710661109536886,23.21814727783203,0.8401932716369629
253,0.22645854949951172,0.009039811789989471,23.487958908081055,0.8331725597381592,0.3169502019882202,0.00665346160531044,23.21259307861328,0.83901447057724
254,0.22787880897521973,0.00901312567293644,23.466487884521484,0.832451343536377,0.3115181624889374,0.00669170031324029,23.15614891052246,0.8359788060188293
255,0.23316611349582672,0.00912658404558897,23.45920181274414,0.8308749198913574,0.3049749433994293,0.006726415362209082,23.343618392944336,0.8404390215873718
256,0.22347426414489746,0.008975244127213955,23.453567504882812,0.8329266309738159,0.2996673882007599,0.0064943828620016575,23.42798614501953,0.8423707485198975
257,0.2224370837211609,0.009104150347411633,23.5157470703125,0.8321859836578369,0.29371771216392517,0.00656265951693058,23.378944396972656,0.8412997722625732
258,0.22830991446971893,0.009160934947431087,23.340946197509766,0.8301125764846802,0.3103604018688202,0.007363441865891218,22.592649459838867,0.8397092819213867
259,0.22735373675823212,0.008967200294137001,23.465682983398438,0.8309996128082275,0.29947400093078613,0.006638812366873026,23.337480545043945,0.8423285484313965
260,0.22413314878940582,0.009173829108476639,23.43897819519043,0.8311222791671753,0.319009393453598,0.0066293287090957165,23.2824764251709,0.8375784754753113
261,0.234760120511055,0.009012194350361824,23.487367630004883,0.8306795358657837,0.3019498884677887,0.006604088936001062,23.300643920898438,0.840539276599884
262,0.2187550812959671,0.008945198729634285,23.563791275024414,0.8312742114067078,0.3093635141849518,0.007382488343864679,22.62627410888672,0.8290235996246338
263,0.22198832035064697,0.00896765012294054,23.45865821838379,0.8321231007575989,0.2991083860397339,0.006182834506034851,23.55034637451172,0.8423511385917664
264,0.22045792639255524,0.009082668460905552,23.399160385131836,0.8319820761680603,0.30445596575737,0.006701476406306028,23.21262550354004,0.8386569619178772
265,0.2251303344964981,0.008944748900830746,23.48710060119629,0.8312786817550659,0.31012728810310364,0.006790194194763899,23.184537887573242,0.8390901684761047
266,0.24030867218971252,0.009097632020711899,23.45005226135254,0.8300305008888245,0.2990826666355133,0.006432598922401667,23.57221031188965,0.8436257839202881
267,0.22748005390167236,0.009018555283546448,23.48919105529785,0.8304685354232788,0.3005863130092621,0.006554295774549246,23.41950798034668,0.8420233726501465
268,0.22388803958892822,0.009214975871145725,23.41144561767578,0.8312060236930847,0.30338379740715027,0.00663641095161438,23.40296173095703,0.8399312496185303
269,0.2249840945005417,0.008945103734731674,23.471689224243164,0.8311961889266968,0.3077353537082672,0.006408115848898888,23.40948486328125,0.8375291228294373
270,0.22394244372844696,0.009073570370674133,23.50874900817871,0.8308467268943787,0.30547279119491577,0.006674376782029867,23.235580444335938,0.8352910876274109
271,0.22940774261951447,0.00891190581023693,23.461517333984375,0.8311462998390198,0.3088027238845825,0.006521272007375956,23.398469924926758,0.8376603126525879
272,0.2232828438282013,0.009048310108482838,23.49343490600586,0.8302993178367615,0.3080369830131531,0.006475364323705435,23.325342178344727,0.8392133116722107
273,0.22595898807048798,0.00901502463966608,23.409822463989258,0.830483078956604,0.2969456911087036,0.006346961483359337,23.524248123168945,0.8419769406318665
274,0.21853603422641754,0.00886857882142067,23.517457962036133,0.8315575122833252,0.2972833216190338,0.006568977143615484,23.335840225219727,0.8409005999565125
275,0.2200644165277481,0.00892870407551527,23.546506881713867,0.8316080570220947,0.33066800236701965,0.007377344649285078,22.652280807495117,0.8316163420677185
276,0.23254238069057465,0.009117545560002327,23.352649688720703,0.8287997245788574,0.3041895627975464,0.006675962824374437,23.22015380859375,0.840648353099823
277,0.21825864911079407,0.008941350504755974,23.48032569885254,0.8307090401649475,0.30314692854881287,0.006556173320859671,23.335166931152344,0.8412094712257385
278,0.21478746831417084,0.008877122774720192,23.514175415039062,0.8307276368141174,0.3001267611980438,0.00620138319209218,23.589929580688477,0.8435742259025574
279,0.2134084850549698,0.008913029916584492,23.556320190429688,0.8317534923553467,0.30020591616630554,0.006247485522180796,23.48612403869629,0.8413777351379395
280,0.21497604250907898,0.008918502368032932,23.47657012939453,0.830666720867157,0.29947206377983093,0.0065054805018007755,23.403215408325195,0.8393921852111816
281,0.22459730505943298,0.008972562849521637,23.48261833190918,0.8304556608200073,0.3003864884376526,0.006733279675245285,23.195356369018555,0.8355976939201355
282,0.2224723994731903,0.009112228639423847,23.445016860961914,0.8294989466667175,0.3127999007701874,0.007086783181875944,22.911209106445312,0.8394847512245178
283,0.22211354970932007,0.009102817624807358,23.38271141052246,0.8309455513954163,0.30114439129829407,0.0065372237004339695,23.420852661132812,0.8373863101005554
284,0.21400755643844604,0.008968327194452286,23.510234832763672,0.8312249779701233,0.2970215380191803,0.006235027685761452,23.521039962768555,0.838087260723114
285,0.22204530239105225,0.009065697900950909,23.48200798034668,0.8287808299064636,0.30321529507637024,0.0065508694387972355,23.417312622070312,0.8419306874275208
286,0.2245386391878128,0.008964619599282742,23.447221755981445,0.829513669013977,0.30697354674339294,0.006455609109252691,23.409912109375,0.8410985469818115
287,0.21773190796375275,0.008975100703537464,23.545930862426758,0.8305205702781677,0.30523231625556946,0.006756614428013563,23.126808166503906,0.8333608508110046
288,0.219521626830101,0.009070913307368755,23.47934913635254,0.8305593729019165,0.3140581250190735,0.006472375243902206,23.324913024902344,0.8382460474967957
289,0.21520213782787323,0.008896499872207642,23.501617431640625,0.8300929069519043,0.29967594146728516,0.006268542725592852,23.45447540283203,0.8402162194252014
290,0.21257108449935913,0.008939053863286972,23.521503448486328,0.8307677507400513,0.30528268218040466,0.006189837586134672,23.438016891479492,0.8377510905265808
291,0.22203142940998077,0.008996868506073952,23.49732208251953,0.829675555229187,0.31160807609558105,0.006644414272159338,23.26777458190918,0.8319556713104248
292,0.2161627560853958,0.00896167941391468,23.509674072265625,0.8290867805480957,0.2962832450866699,0.006309051066637039,23.498903274536133,0.8416479229927063
293,0.21007731556892395,0.008974212221801281,23.526968002319336,0.8300632238388062,0.3153643310070038,0.006366495043039322,23.4408016204834,0.8364753723144531
294,0.21247823536396027,0.008904836140573025,23.558202743530273,0.8297528028488159,0.3076744079589844,0.006803801748901606,23.074106216430664,0.8300603032112122
295,0.22008363902568817,0.009302696213126183,23.417083740234375,0.8283940553665161,0.31269487738609314,0.006407211069017649,23.520156860351562,0.83675217628479
296,0.21756772696971893,0.008911811746656895,23.56715202331543,0.831702709197998,0.30755615234375,0.006216688081622124,23.497079849243164,0.8389857411384583
297,0.21136051416397095,0.008906804956495762,23.49823570251465,0.8301255702972412,0.31178316473960876,0.006440388038754463,23.460241317749023,0.835026741027832
298,0.20964451134204865,0.008843543939292431,23.55213737487793,0.8294639587402344,0.30162978172302246,0.006988266948610544,23.000696182250977,0.8336980938911438
299,0.21200665831565857,0.009001056663691998,23.436948776245117,0.8293501138687134,0.31528568267822266,0.006751708686351776,23.040573120117188,0.8317136764526367
300,0.2185671478509903,0.00894169695675373,23.49893569946289,0.8289576172828674,0.3059813678264618,0.006580745801329613,23.45048713684082,0.8384337425231934
301,0.21007820963859558,0.008899390697479248,23.50514793395996,0.8308156728744507,0.3211471438407898,0.006348863244056702,23.28649139404297,0.8304689526557922
302,0.21852508187294006,0.009006692096590996,23.46989631652832,0.8280382752418518,0.3116886019706726,0.006580044981092215,23.298269271850586,0.8373081088066101
303,0.2085425704717636,0.00882185809314251,23.546363830566406,0.8305041193962097,0.2969699800014496,0.006378871854394674,23.49030113220215,0.8376250267028809
304,0.21081922948360443,0.008905483409762383,23.485496520996094,0.8294713497161865,0.3055973947048187,0.006445904728025198,23.340476989746094,0.8410050868988037
305,0.21585765480995178,0.008891387842595577,23.54526138305664,0.8292062282562256,0.3041253983974457,0.006835488602519035,23.056922912597656,0.83359295129776
306,0.21139323711395264,0.009056397713720798,23.52106285095215,0.8289700150489807,0.31908607482910156,0.006600854452699423,23.2474365234375,0.8344772458076477
307,0.21035565435886383,0.008874326013028622,23.59718132019043,0.8299296498298645,0.3095862865447998,0.006607184186577797,23.16290855407715,0.8360664248466492
308,0.2099648118019104,0.00890984944999218,23.517358779907227,0.8294480443000793,0.3086458742618561,0.006387943401932716,23.384958267211914,0.8366255164146423
309,0.2101181447505951,0.008941791951656342,23.554311752319336,0.8286714553833008,0.3038083016872406,0.0065744370222091675,23.401132583618164,0.8360621333122253
310,0.2128254920244217,0.008949417620897293,23.504915237426758,0.8291517496109009,0.3022535741329193,0.0065359617583453655,23.417245864868164,0.8408159613609314
311,0.208922877907753,0.008906221017241478,23.571800231933594,0.8295331001281738,0.31503239274024963,0.006720878649502993,23.252782821655273,0.8317020535469055
312,0.23033973574638367,0.009289922192692757,23.463665008544922,0.8279471397399902,0.3135747015476227,0.006590606179088354,23.284433364868164,0.833962619304657
313,0.23859058320522308,0.009353956207633018,23.29440689086914,0.8259710073471069,0.3110937178134918,0.007259402424097061,22.83228874206543,0.8375446200370789
314,0.23345133662223816,0.009235185571014881,23.39359474182129,0.8282418251037598,0.2984575629234314,0.006341159343719482,23.454391479492188,0.8400020003318787
315,0.20993708074092865,0.008927853778004646,23.548847198486328,0.8295558094978333,0.3042486011981964,0.006677025463432074,23.226003646850586,0.8376736640930176
316,0.20372018218040466,0.008770058862864971,23.54764175415039,0.8304234743118286,0.3067146837711334,0.0066415779292583466,23.288854598999023,0.8370184898376465
317,0.21035636961460114,0.008781169541180134,23.560810089111328,0.8298878073692322,0.3048984110355377,0.00648290803655982,23.384321212768555,0.8377425670623779
318,0.2067737579345703,0.008908608928322792,23.488651275634766,0.8296713829040527,0.3028625547885895,0.006228857208043337,23.528173446655273,0.8373094201087952
319,0.20693986117839813,0.008905255235731602,23.583274841308594,0.8294171690940857,0.32527604699134827,0.006410678382962942,23.22730827331543,0.8317249417304993
320,0.20874373614788055,0.008702532388269901,23.523195266723633,0.8280288577079773,0.3065357506275177,0.006537975277751684,23.421045303344727,0.8386539816856384
321,0.2071933001279831,0.008901113644242287,23.576629638671875,0.8293657302856445,0.31223592162132263,0.006506890058517456,23.369054794311523,0.8305792808532715
322,0.20654337108135223,0.008805381134152412,23.56884002685547,0.829483687877655,0.30827558040618896,0.0065556676127016544,23.381654739379883,0.8363199234008789
323,0.20829224586486816,0.008950752206146717,23.548439025878906,0.82734614610672,0.3130699098110199,0.0065404921770095825,23.30663299560547,0.8365045189857483
324,0.2140110284090042,0.009055469185113907,23.44249725341797,0.8272982239723206,0.30045732855796814,0.006396945100277662,23.469369888305664,0.8381230235099792
325,0.2086271494626999,0.008864782750606537,23.580703735351562,0.8301505446434021,0.30945560336112976,0.007513776421546936,22.64744758605957,0.8344293236732483
326,0.20880351960659027,0.008906115777790546,23.49618148803711,0.8277230858802795,0.3151117265224457,0.006337387021631002,23.44700813293457,0.8322085738182068
327,0.20438331365585327,0.008836514316499233,23.58755111694336,0.8289856314659119,0.3103810250759125,0.0065781003795564175,23.305862426757812,0.8357644081115723
328,0.20567817986011505,0.008810244500637054,23.623931884765625,0.8284708857536316,0.3060014545917511,0.006457592826336622,23.431976318359375,0.8318365216255188
329,0.20628975331783295,0.008942746557295322,23.50406265258789,0.8280964493751526,0.30791765451431274,0.006579650100320578,23.358247756958008,0.8357986807823181
330,0.20704060792922974,0.008986981585621834,23.507919311523438,0.8280143737792969,0.3225935697555542,0.006490001920610666,23.175880432128906,0.8322389125823975
331,0.2153618484735489,0.008872837759554386,23.457422256469727,0.8265346884727478,0.3272871673107147,0.0070518385618925095,22.86992073059082,0.8288865685462952
332,0.2066459357738495,0.008869011886417866,23.534547805786133,0.8284086585044861,0.304167240858078,0.006260789930820465,23.510526657104492,0.8347100615501404
333,0.20434527099132538,0.008801995776593685,23.505537033081055,0.8277007937431335,0.30788180232048035,0.006561222951859236,23.385560989379883,0.8385892510414124
334,0.20227853953838348,0.008833758533000946,23.543914794921875,0.8293324708938599,0.311075359582901,0.006743879988789558,23.16999053955078,0.8348909020423889
335,0.20807264745235443,0.008889232762157917,23.565685272216797,0.8279597163200378,0.3205983340740204,0.00661860266700387,23.27400779724121,0.8350739479064941
336,0.20193926990032196,0.008722995407879353,23.548553466796875,0.8298217058181763,0.31372466683387756,0.006399808917194605,23.36699676513672,0.8312511444091797
337,0.20044486224651337,0.008703409694135189,23.61937141418457,0.8279090523719788,0.30711033940315247,0.006514022592455149,23.396461486816406,0.8360962271690369
338,0.20749901235103607,0.008936947211623192,23.556167602539062,0.8275221586227417,0.3139997124671936,0.006644690874963999,23.311689376831055,0.8355758786201477
339,0.2056640088558197,0.008840613067150116,23.585073471069336,0.8277304768562317,0.3084946572780609,0.006338674109429121,23.46368408203125,0.8329079151153564
340,0.22607050836086273,0.008987132459878922,23.42927360534668,0.8248776793479919,0.3122653365135193,0.006650647614151239,23.3814697265625,0.8339383006095886
341,0.2074182778596878,0.008899996988475323,23.532379150390625,0.8278764486312866,0.31280970573425293,0.006491730455309153,23.36260986328125,0.8364008069038391
342,0.20658694207668304,0.008835645392537117,23.49555206298828,0.8288021683692932,0.3090188801288605,0.006239491980522871,23.48602867126465,0.8349159359931946
343,0.19975388050079346,0.008697658777236938,23.553436279296875,0.8290911912918091,0.31060653924942017,0.006446607410907745,23.370996475219727,0.8344452977180481
344,0.20329247415065765,0.008954665623605251,23.588871002197266,0.8272649645805359,0.3107958734035492,0.006706709042191505,23.265859603881836,0.8300319314002991
345,0.20893089473247528,0.008943897671997547,23.53251075744629,0.8267053365707397,0.3139380216598511,0.006667248904705048,23.177515029907227,0.8322169780731201
346,0.21119467914104462,0.008879519067704678,23.477468490600586,0.8262911438941956,0.3115815818309784,0.006318171974271536,23.386720657348633,0.8360249400138855
347,0.2140200138092041,0.008935452438890934,23.468229293823242,0.8274407386779785,0.31155410408973694,0.006379216909408569,23.471641540527344,0.8339412808418274
348,0.20105300843715668,0.008832448162138462,23.595905303955078,0.8278846144676208,0.3097802698612213,0.0067344289273023605,23.171340942382812,0.8300633430480957
349,0.21217799186706543,0.008888679556548595,23.49054718017578,0.8257005214691162,0.317444771528244,0.006442567799240351,23.429540634155273,0.8334283828735352
350,0.1954343616962433,0.008765511214733124,23.678569793701172,0.8294536471366882,0.3117927610874176,0.006973763462156057,22.96100616455078,0.826802670955658
351,0.2021673023700714,0.008803633973002434,23.52823829650879,0.8262036442756653,0.3034197986125946,0.006457438692450523,23.361406326293945,0.837960958480835
352,0.2071506381034851,0.008927170187234879,23.539636611938477,0.8268113732337952,0.3131086528301239,0.0066782403737306595,23.1536808013916,0.8336422443389893
353,0.20252765715122223,0.00863640196621418,23.570852279663086,0.8274446129798889,0.30660584568977356,0.0064078569412231445,23.439048767089844,0.8375533223152161
354,0.20126232504844666,0.008833222091197968,23.595439910888672,0.8266543745994568,0.31760990619659424,0.006638575345277786,23.19565773010254,0.8310480713844299
355,0.19881822168827057,0.008729253895580769,23.605514526367188,0.8283753395080566,0.31920817494392395,0.0067727998830378056,23.0673828125,0.8289949893951416
356,0.19974535703659058,0.008741859346628189,23.607831954956055,0.827885627746582,0.3202148377895355,0.007007650565356016,23.108461380004883,0.8319700360298157
357,0.20624804496765137,0.008768756873905659,23.60145378112793,0.8265197277069092,0.3129444420337677,0.00651100417599082,23.441192626953125,0.8278222680091858
358,0.2051795870065689,0.008758814074099064,23.52024269104004,0.8271217346191406,0.31073352694511414,0.00627719983458519,23.453874588012695,0.8343225121498108
359,0.20936869084835052,0.008929403498768806,23.53682518005371,0.8267819285392761,0.3144807517528534,0.00646431976929307,23.276098251342773,0.8314144015312195
360,0.19336526095867157,0.00863577239215374,23.661928176879883,0.8282771110534668,0.3147706091403961,0.006531344261020422,23.219018936157227,0.8319374918937683
361,0.19373679161071777,0.008606175892055035,23.626413345336914,0.8278909921646118,0.3102705776691437,0.006579827982932329,23.298757553100586,0.8291552662849426
362,0.19756731390953064,0.008702211081981659,23.60822868347168,0.8266473412513733,0.308101624250412,0.006830668542534113,23.10321617126465,0.8320791721343994
363,0.1947939395904541,0.008584405295550823,23.638206481933594,0.8266773819923401,0.3050563633441925,0.006313634570688009,23.517629623413086,0.8354289531707764
364,0.2011842131614685,0.008849052712321281,23.588855743408203,0.82737797498703,0.32519587874412537,0.006857278291136026,23.093069076538086,0.828359067440033
365,0.20763114094734192,0.008918199688196182,23.412668228149414,0.8258899450302124,0.3285382091999054,0.0066199153661727905,23.290145874023438,0.8288852572441101
366,0.22722899913787842,0.009232960641384125,23.42894744873047,0.8240293860435486,0.30389174818992615,0.006644291803240776,23.246686935424805,0.832480251789093
367,0.2102251797914505,0.009120489470660686,23.48676872253418,0.8255532383918762,0.3204400837421417,0.007324268575757742,22.849334716796875,0.8265393376350403
368,0.22128832340240479,0.009132839739322662,23.432262420654297,0.8253210783004761,0.3107976019382477,0.006519349757581949,23.288307189941406,0.833104133605957
369,0.20104730129241943,0.008929316885769367,23.565576553344727,0.8276569247245789,0.31864503026008606,0.006639588158577681,23.23027229309082,0.8295508027076721
370,0.1954878270626068,0.008655231446027756,23.61135482788086,0.8281968832015991,0.3132610619068146,0.007005305495113134,22.9977970123291,0.8280227780342102
371,0.2022240310907364,0.008863373659551144,23.453367233276367,0.8250280618667603,0.31336668133735657,0.00634221313521266,23.433950424194336,0.8344085812568665
372,0.20843064785003662,0.008944078348577023,23.478029251098633,0.8258638978004456,0.31721600890159607,0.006421434227377176,23.3194580078125,0.830312192440033
373,0.2071034163236618,0.008942502550780773,23.512365341186523,0.8258562684059143,0.3240150511264801,0.006619092542678118,23.09642791748047,0.8301638960838318
374,0.19999700784683228,0.008680928498506546,23.61338996887207,0.8277647495269775,0.3163219392299652,0.006975993514060974,23.05377197265625,0.8299662470817566
375,0.20224496722221375,0.008847400546073914,23.584915161132812,0.8262984752655029,0.30852681398391724,0.0067070238292217255,23.188316345214844,0.8347790837287903
376,0.19604864716529846,0.008670865558087826,23.605533599853516,0.8275586366653442,0.3146969676017761,0.0065864212810993195,23.34807777404785,0.8306363224983215
377,0.20204655826091766,0.008786594495177269,23.533554077148438,0.824928343296051,0.3101917803287506,0.006412642542272806,23.39898109436035,0.83384108543396
378,0.19371896982192993,0.00875608529895544,23.570234298706055,0.8270594477653503,0.3090927302837372,0.006236549932509661,23.511672973632812,0.8342624306678772
379,0.19127433001995087,0.008636413142085075,23.630308151245117,0.8279687166213989,0.32171082496643066,0.0067643653601408005,23.131521224975586,0.8266415596008301
380,0.19272878766059875,0.008675852790474892,23.587106704711914,0.8264486789703369,0.31206056475639343,0.006960760802030563,23.18338966369629,0.8298808932304382
381,0.19500276446342468,0.008748695254325867,23.55106544494629,0.8256703615188599,0.3148258328437805,0.006584045011550188,23.28522300720215,0.8325624465942383
382,0.1902158111333847,0.008626109920442104,23.652864456176758,0.8272600769996643,0.31627827882766724,0.006616466213017702,23.281532287597656,0.8276349902153015
383,0.1899689882993698,0.008735382929444313,23.607606887817383,0.8265315294265747,0.3074844181537628,0.006763920187950134,23.169235229492188,0.8314123749732971
384,0.19224129617214203,0.008796063251793385,23.587650299072266,0.8264444470405579,0.3151414096355438,0.006667146924883127,23.17902183532715,0.8283343315124512
385,0.1907702535390854,0.008722514845430851,23.558868408203125,0.8258740305900574,0.3230005204677582,0.006698423530906439,23.162656784057617,0.8248901963233948
386,0.1917807012796402,0.00869326014071703,23.619962692260742,0.8255560398101807,0.31475386023521423,0.006671609822660685,23.313344955444336,0.8269233107566833
387,0.20022815465927124,0.008760618045926094,23.60321617126465,0.825783371925354,0.32144322991371155,0.006601615343242884,23.21079444885254,0.8267829418182373
388,0.20971722900867462,0.00894767977297306,23.526554107666016,0.8242332935333252,0.33537280559539795,0.006724100094288588,23.176284790039062,0.8248427510261536
389,0.20668208599090576,0.008793185465037823,23.555805206298828,0.8253720998764038,0.31432798504829407,0.006845627445727587,23.151575088500977,0.8262340426445007
390,0.1981160193681717,0.008734838105738163,23.583965301513672,0.8254432082176208,0.3172683119773865,0.006708836182951927,23.27544593811035,0.8284136652946472
391,0.19211503863334656,0.008708573877811432,23.59868812561035,0.8265459537506104,0.31740012764930725,0.006374422460794449,23.359704971313477,0.8287389874458313
392,0.19185680150985718,0.008655051700770855,23.58849334716797,0.8262339234352112,0.3208897113800049,0.006583796814084053,23.253822326660156,0.8316121697425842
393,0.2001715749502182,0.008659540675580502,23.626522064208984,0.8254023790359497,0.3194204866886139,0.006652569863945246,23.2554988861084,0.8316717147827148
394,0.20024192333221436,0.008915198966860771,23.529829025268555,0.8261826038360596,0.31458035111427307,0.006402937229722738,23.4023494720459,0.8314812779426575
395,0.19325579702854156,0.008595405146479607,23.66128921508789,0.8269739151000977,0.3071705400943756,0.006536073982715607,23.40108299255371,0.8314093947410583
396,0.1920865923166275,0.008721781894564629,23.637216567993164,0.8267513513565063,0.3098936975002289,0.0064841811545193195,23.369314193725586,0.8353158831596375
397,0.18981732428073883,0.008719137869775295,23.64391326904297,0.826352596282959,0.3071955442428589,0.006601780652999878,23.38486671447754,0.8335716724395752
398,0.19599997997283936,0.008924693800508976,23.51998519897461,0.8251042366027832,0.3195582926273346,0.006527587305754423,23.325775146484375,0.8339077830314636
399,0.19292695820331573,0.008665631525218487,23.601869583129883,0.82750004529953,0.3219226896762848,0.006838781293481588,22.95359230041504,0.827681303024292
400,0.19099688529968262,0.008700696751475334,23.59320640563965,0.8254838585853577,0.3226630985736847,0.0062737963162362576,23.46305274963379,0.832048237323761
401,0.19355876743793488,0.008777614682912827,23.59834861755371,0.8256416916847229,0.3240463435649872,0.006567844655364752,23.060829162597656,0.8246491551399231
402,0.19574269652366638,0.008660833351314068,23.608322143554688,0.8260714411735535,0.31971538066864014,0.006617916282266378,23.27409553527832,0.8289105892181396
403,0.1993795782327652,0.008834248408675194,23.55750846862793,0.8261225819587708,0.31797656416893005,0.006442135199904442,23.383132934570312,0.8283796310424805
404,0.1984957754611969,0.00882505439221859,23.58646011352539,0.825214684009552,0.311203271150589,0.0067950040102005005,23.10426902770996,0.8277332782745361
405,0.19392940402030945,0.008703514002263546,23.570863723754883,0.8249676823616028,0.3154571056365967,0.006580503191798925,23.248933792114258,0.8294327855110168
406,0.19397719204425812,0.00879704114049673,23.58786964416504,0.8253434300422668,0.3124353587627411,0.006794945802539587,23.153711318969727,0.8282124400138855
407,0.1883738487958908,0.008741133846342564,23.65700340270996,0.8260347843170166,0.3275401294231415,0.006892164703458548,23.009780883789062,0.8256319165229797
408,0.1900264471769333,0.008533384650945663,23.621536254882812,0.8251231908798218,0.3162961006164551,0.006390457972884178,23.44074821472168,0.8294051289558411
409,0.18994025886058807,0.008601872250437737,23.65254020690918,0.8257564902305603,0.3147318363189697,0.006382939871400595,23.424705505371094,0.8298432230949402
410,0.19459326565265656,0.008738433010876179,23.47935676574707,0.8245784044265747,0.3059076964855194,0.006437258329242468,23.50816535949707,0.8334301114082336
411,0.18927355110645294,0.008792019449174404,23.579389572143555,0.8249512314796448,0.31840187311172485,0.006402700673788786,23.36761474609375,0.8275547027587891
412,0.19432136416435242,0.00865152571350336,23.620359420776367,0.8245760202407837,0.31557393074035645,0.006353119388222694,23.37103843688965,0.8324859738349915
413,0.19522811472415924,0.008623834699392319,23.577049255371094,0.8249989748001099,0.3092985451221466,0.006383273750543594,23.455163955688477,0.8316575884819031
414,0.1932716965675354,0.008583462797105312,23.63886833190918,0.8242809176445007,0.3178744316101074,0.0066858395002782345,23.260671615600586,0.8292816281318665
415,0.1876513510942459,0.008704688400030136,23.646238327026367,0.8248913884162903,0.3200080692768097,0.006578546017408371,23.250688552856445,0.8263442516326904
416,0.19436854124069214,0.00876882765442133,23.593751907348633,0.8247209191322327,0.3170919418334961,0.006580790970474482,23.202272415161133,0.8246970772743225
417,0.19150890409946442,0.008634567260742188,23.61954689025879,0.8250318765640259,0.319439172744751,0.006901400629431009,23.14241600036621,0.826362133026123
418,0.19270764291286469,0.008746887557208538,23.596628189086914,0.8253260254859924,0.318510502576828,0.00686602434143424,23.04515266418457,0.8231239914894104
419,0.1951359212398529,0.008656649850308895,23.606225967407227,0.8243013620376587,0.31254899501800537,0.006484377663582563,23.408607482910156,0.8332223296165466
420,0.20004279911518097,0.008856904692947865,23.495080947875977,0.8233855366706848,0.32189807295799255,0.006530579645186663,23.200654983520508,0.825260579586029
421,0.1911841481924057,0.008580652065575123,23.62120819091797,0.8246609568595886,0.32303303480148315,0.006362322252243757,23.408945083618164,0.8315488696098328
422,0.20522840321063995,0.008818373084068298,23.56947135925293,0.8231932520866394,0.33007901906967163,0.0068722194992005825,23.011199951171875,0.8254924416542053
423,0.19143740832805634,0.008660377003252506,23.589309692382812,0.825197696685791,0.31596454977989197,0.006379348691552877,23.40131950378418,0.8296682834625244
424,0.19600050151348114,0.008827967569231987,23.56122398376465,0.8237316012382507,0.3225128948688507,0.006463389843702316,23.286880493164062,0.8288062214851379
425,0.19057700037956238,0.008572499267756939,23.579566955566406,0.8244462013244629,0.31402578949928284,0.006437431555241346,23.462112426757812,0.8295947909355164
426,0.1857270896434784,0.0086567597463727,23.66119956970215,0.8245040774345398,0.32772576808929443,0.006523661781102419,23.268415451049805,0.8273301720619202
427,0.18307960033416748,0.00844599399715662,23.686641693115234,0.8258076906204224,0.3192296624183655,0.006684532389044762,23.201383590698242,0.8281520009040833
428,0.1831170618534088,0.008639272302389145,23.66549301147461,0.8252354264259338,0.3333430290222168,0.006494535133242607,23.235837936401367,0.8218926787376404
429,0.18552647531032562,0.00860945601016283,23.652246475219727,0.8238033056259155,0.31908997893333435,0.0063843149691820145,23.360931396484375,0.8310267925262451
430,0.18778307735919952,0.008637840859591961,23.588266372680664,0.824617862701416,0.32014480233192444,0.006683703977614641,23.26167106628418,0.8242511749267578
431,0.18786083161830902,0.00859856978058815,23.60454750061035,0.8248206973075867,0.30829402804374695,0.0065125394612550735,23.42952537536621,0.8297755122184753
432,0.18794770538806915,0.008703156374394894,23.602779388427734,0.8239808678627014,0.320503830909729,0.006452648434787989,23.282339096069336,0.8275360465049744
433,0.1825934648513794,0.008636816404759884,23.63725471496582,0.8241854906082153,0.32504284381866455,0.006314257625490427,23.3753604888916,0.8265112042427063
434,0.18926620483398438,0.008606680668890476,23.66862678527832,0.8238862752914429,0.3207332491874695,0.006795875728130341,23.24193000793457,0.8280351161956787
435,0.19979768991470337,0.00873174425214529,23.588647842407227,0.8239016532897949,0.31576836109161377,0.006611950695514679,23.28643226623535,0.8261530995368958
436,0.1877511739730835,0.00869714841246605,23.645240783691406,0.8235400319099426,0.32299861311912537,0.006456652190536261,23.281021118164062,0.8235320448875427
437,0.1871800720691681,0.00866688508540392,23.628915786743164,0.8240190148353577,0.3178875148296356,0.006595605984330177,23.32654571533203,0.8256170153617859
438,0.18448390066623688,0.008662826381623745,23.597471237182617,0.8248375058174133,0.31867608428001404,0.006626489106565714,23.145742416381836,0.8247427940368652
439,0.18485960364341736,0.00853667501360178,23.632436752319336,0.8243809938430786,0.3176186978816986,0.006341524422168732,23.38916015625,0.828014075756073
440,0.18770384788513184,0.008664723485708237,23.679420471191406,0.8241820335388184,0.3222452402114868,0.006609161850064993,23.249069213867188,0.8232797980308533
441,0.1932351142168045,0.008691748604178429,23.579004287719727,0.8238993883132935,0.3102315366268158,0.006399617996066809,23.47200584411621,0.8341692090034485
442,0.18797042965888977,0.008724248968064785,23.606937408447266,0.8246220946311951,0.31752723455429077,0.006403453182429075,23.37656593322754,0.8271028995513916
443,0.18882198631763458,0.008713231422007084,23.631532669067383,0.823239803314209,0.3225215971469879,0.006452178582549095,23.257097244262695,0.8287460803985596
444,0.1849684864282608,0.00866618100553751,23.63865089416504,0.8246366381645203,0.327716201543808,0.006441960576921701,23.39954948425293,0.825944721698761
445,0.1933823674917221,0.008731210604310036,23.608610153198242,0.8224340677261353,0.3157559633255005,0.006570904050022364,23.28273582458496,0.8274672627449036
446,0.19691608846187592,0.008682187646627426,23.563528060913086,0.8220914602279663,0.32356616854667664,0.006309881340712309,23.367149353027344,0.8270597457885742
447,0.18782959878444672,0.008727342821657658,23.630428314208984,0.8254356980323792,0.31369516253471375,0.006649697665125132,23.228601455688477,0.8259439468383789
448,0.18402166664600372,0.008541780523955822,23.67768096923828,0.8246570825576782,0.31605473160743713,0.006184260826557875,23.4510498046875,0.826488733291626
449,0.1884741336107254,0.008675618097186089,23.564838409423828,0.824027955532074,0.33234792947769165,0.006656340789049864,23.148834228515625,0.8231101036071777
450,0.19055964052677155,0.008589335717260838,23.615015029907227,0.8232907056808472,0.3382837474346161,0.006891368422657251,23.14698600769043,0.8159456849098206
451,0.1952374279499054,0.008720342069864273,23.629173278808594,0.8239896297454834,0.31409862637519836,0.0064428565092384815,23.31446647644043,0.8304937481880188
452,0.19403012096881866,0.008816979825496674,23.62031364440918,0.8229300379753113,0.32484200596809387,0.006454066839069128,23.23321533203125,0.8273490071296692
453,0.18841610848903656,0.008562379516661167,23.582040786743164,0.8238140344619751,0.3264930248260498,0.006489152554422617,23.32062339782715,0.825600802898407
454,0.19313473999500275,0.008882069028913975,23.51612091064453,0.8223544955253601,0.32282567024230957,0.006559321656823158,23.29926300048828,0.8242301940917969
455,0.18557089567184448,0.00855187512934208,23.640277862548828,0.8240859508514404,0.31410840153694153,0.006847644690424204,23.122581481933594,0.8283974528312683
456,0.18792934715747833,0.008684503845870495,23.61882781982422,0.8240053653717041,0.31385883688926697,0.0064881243743002415,23.320024490356445,0.8281623721122742
457,0.17988823354244232,0.008573977276682854,23.6507568359375,0.8241004347801208,0.33602645993232727,0.007111227605491877,22.897674560546875,0.8205575346946716
458,0.18469426035881042,0.008573703467845917,23.654186248779297,0.8231064677238464,0.32510611414909363,0.006491027772426605,23.27299690246582,0.826404333114624
459,0.1830710470676422,0.008559728972613811,23.687257766723633,0.8245729207992554,0.3132016956806183,0.006683697458356619,23.1229248046875,0.8279579281806946
460,0.18530601263046265,0.008528130128979683,23.671710968017578,0.8232982754707336,0.3166062533855438,0.006319774780422449,23.44916534423828,0.8269798159599304
461,0.18618392944335938,0.008586673066020012,23.645875930786133,0.8234440684318542,0.3226803243160248,0.0064013185910880566,23.257646560668945,0.8263940215110779
462,0.18513798713684082,0.008562345057725906,23.648134231567383,0.8240283727645874,0.3162018358707428,0.0064634159207344055,23.38608741760254,0.824474573135376
463,0.18021537363529205,0.008647364564239979,23.660614013671875,0.8244198560714722,0.3276347219944,0.006685106549412012,23.164329528808594,0.8232432007789612
464,0.1823825240135193,0.008536968380212784,23.63137435913086,0.8228673934936523,0.31902822852134705,0.00689030671492219,22.99420928955078,0.8252244591712952
465,0.1858394891023636,0.008688806556165218,23.617908477783203,0.8232811689376831,0.3314983546733856,0.006604304537177086,23.229827880859375,0.8224137425422668
466,0.18189756572246552,0.008519989438354969,23.70464515686035,0.8238228559494019,0.31881242990493774,0.0066562374122440815,23.221487045288086,0.8233883380889893
467,0.18946775794029236,0.00863922294229269,23.62731170654297,0.8223459720611572,0.32431599497795105,0.006434798240661621,23.344682693481445,0.8244369029998779
468,0.18652501702308655,0.008783604018390179,23.638771057128906,0.8225293159484863,0.3188372552394867,0.006580139044672251,23.18535804748535,0.8251872062683105
469,0.2045869678258896,0.008961576037108898,23.49479103088379,0.8215580582618713,0.31527769565582275,0.00650913268327713,23.28778648376465,0.8249356150627136
470,0.18683616816997528,0.008698987774550915,23.624887466430664,0.8244854807853699,0.33100226521492004,0.006691713351756334,23.033857345581055,0.8223145604133606
471,0.18050462007522583,0.008446180261671543,23.709985733032227,0.8238638639450073,0.32396331429481506,0.007220943924039602,22.808862686157227,0.8222323060035706
472,0.1983576864004135,0.008711974136531353,23.517433166503906,0.8222476840019226,0.32081496715545654,0.006464745849370956,23.28418731689453,0.8251369595527649
473,0.18332652747631073,0.008574949577450752,23.64176368713379,0.8228626847267151,0.32210031151771545,0.006780779454857111,23.17796516418457,0.8233849406242371
474,0.18232972919940948,0.008678561076521873,23.630834579467773,0.823627233505249,0.33584633469581604,0.0066633266396820545,23.087669372558594,0.8213965892791748
475,0.17974813282489777,0.008557276800274849,23.63178062438965,0.8234984278678894,0.3353264629840851,0.006902432069182396,22.966882705688477,0.819674015045166
476,0.1795145720243454,0.008535764180123806,23.682209014892578,0.8234713673591614,0.32096025347709656,0.006512752268463373,23.256044387817383,0.8229915499687195
477,0.1836039125919342,0.00854662898927927,23.665815353393555,0.8234058022499084,0.3272804319858551,0.007108277175575495,23.00701141357422,0.8228726387023926
478,0.18246279656887054,0.008650212548673153,23.618350982666016,0.8222611546516418,0.3296978771686554,0.006840548012405634,23.022268295288086,0.82273930311203
479,0.18378137052059174,0.008540111593902111,23.665613174438477,0.8226484060287476,0.32859042286872864,0.006784358527511358,23.11854362487793,0.8234859108924866
480,0.1833866834640503,0.008517841808497906,23.68622398376465,0.8231107592582703,0.3210398256778717,0.006322752684354782,23.5234375,0.8281736969947815
481,0.1800175905227661,0.008694039657711983,23.62482452392578,0.8232473731040955,0.3259911835193634,0.006764095276594162,23.02337646484375,0.8211876749992371
482,0.1790398806333542,0.008536074310541153,23.690771102905273,0.8231223225593567,0.3203231990337372,0.006505268160253763,23.34926414489746,0.822667121887207
483,0.18544790148735046,0.008510681800544262,23.69445037841797,0.8228076696395874,0.322558730840683,0.0071191489696502686,22.947389602661133,0.8235296607017517
484,0.17841503024101257,0.008509720675647259,23.654876708984375,0.8226920366287231,0.3299272060394287,0.006791674066334963,23.154516220092773,0.8238145709037781
485,0.19108439981937408,0.008669579401612282,23.617265701293945,0.8215004801750183,0.31220629811286926,0.006581224966794252,23.32903480529785,0.8258751034736633
486,0.1806003600358963,0.008553716354072094,23.707468032836914,0.8234336376190186,0.3168894052505493,0.006501896772533655,23.36226463317871,0.8267329335212708
487,0.1757780760526657,0.008599767461419106,23.692771911621094,0.8226776719093323,0.3202296495437622,0.006586393341422081,23.262903213500977,0.8219899535179138
488,0.17525796592235565,0.008603985421359539,23.68060874938965,0.8229870796203613,0.33071383833885193,0.006730327848345041,23.01164436340332,0.8221662640571594
489,0.19252099096775055,0.008600480854511261,23.70004653930664,0.8216274976730347,0.3323117196559906,0.006895102560520172,23.045923233032227,0.8241508603096008
490,0.1915440708398819,0.008728107437491417,23.569250106811523,0.8215840458869934,0.31792914867401123,0.006598389241844416,23.35849952697754,0.8278501033782959
491,0.19013674557209015,0.008702247403562069,23.58735466003418,0.8217697143554688,0.317303329706192,0.006667342036962509,23.206937789916992,0.8283944129943848
492,0.185424342751503,0.008709140121936798,23.587936401367188,0.8231576085090637,0.3240395486354828,0.00696462020277977,23.022275924682617,0.8248372077941895
493,0.1758372038602829,0.008524687960743904,23.639583587646484,0.824134111404419,0.3193865418434143,0.0066986833699047565,23.22013282775879,0.8268377780914307
494,0.17574217915534973,0.008533574640750885,23.657804489135742,0.8228365182876587,0.34049785137176514,0.006519276648759842,23.190887451171875,0.8216516971588135
495,0.1802297681570053,0.008602876216173172,23.629220962524414,0.8227555751800537,0.3306530714035034,0.006453866139054298,23.219619750976562,0.8220353722572327
496,0.18275806307792664,0.008552259765565395,23.64908218383789,0.8215038180351257,0.3330878019332886,0.006627518218010664,23.198692321777344,0.8206283450126648
497,0.17681555449962616,0.00847255252301693,23.74947166442871,0.8224098682403564,0.3263518512248993,0.006739815231412649,23.170045852661133,0.8245471119880676
498,0.18571414053440094,0.008568702265620232,23.6878662109375,0.8224101066589355,0.324349045753479,0.006689938250929117,23.1905517578125,0.8274903893470764
499,0.17744489014148712,0.008438272401690483,23.69735336303711,0.8226873278617859,0.3257657587528229,0.0065339417196810246,23.210020065307617,0.8256087303161621
